/* MASSA DE TESTE TIPO_AVALIACAO */

insert into avaliacao_dificuldade values (1, 'Fácil');
insert into avaliacao_dificuldade values (2, 'Médio');
insert into avaliacao_dificuldade values (3, 'Difícil');

/* MASSA DE TESTE TEMA */

insert into tema values (1, 'Animais');
insert into tema values (2, 'Letras');
insert into tema values (3, 'Números');
insert into tema values (4, 'Cores');
insert into tema values (5, 'Conhecimentos do Mundo');
insert into tema values (6, 'Música'); 
insert into tema values (7, 'Corpo');
insert into tema values (8, 'Alimentos');
insert into tema values (9, 'Formas');
insert into tema values (10,'Comunicação');

/* MASSA DE TESTE VIDEO */

insert into video values (1, 'Aula sobre animais - Educação Infantil', 'Nesta aula iremos aprender sobre a maioria dos animais, suas características e classificações.','https://www.youtube.com/watch?v=2G9AE3Ouga8&ab_channel=ProfessoraElô', 1);
insert into video values (2, 'Aula sobre sons de animais com desenhos - Educação Infantil', 'Nesta aula iremos aprender sobre o sons que os animais fazem.', 'https://www.youtube.com/watch?v=z8txiWkNzLk&ab_channel=TurmaKidseCia', 1);
insert into video values (3, 'Aula sobre letras e alfabeto - Educação Infantil', 'Nesta aula iremos aprender sobre todas as letras de nosso alfabeto, além disso, vamos aprender, também, algumas palavras que começam com a mesma letra.', 'https://www.youtube.com/watch?v=DBAuR19EiuI&ab_channel=Brink%26Aprenda', 2);
insert into video values (4, 'Aula sobre as vogais - AEIOU - Educação Infantil', 'Nesta aula iremos se aprofundar mais sobre as letras e aprender sobre as vogais a partir de um vídeo animado com sons e desenhos.', 'https://www.youtube.com/watch?v=3WG61s_gnpc&ab_channel=TioAndré', 2);
insert into video values (5, 'Aula sobre números - Educação Infantil', 'Nesta aula iremos aprender sobre os números e sua contagem, incluindo também a contagem de substantivos femininos (uma menina, duas meninas) e masculinos (um menino, dois meninos).','https://www.youtube.com/watch?v=H66tTFTN3ug&ab_channel=SuperJamilaInglês', 3);
insert into video values (6, 'Aula sobre adição e subtração númericas - Educação Infantil', 'Video que ensina Adição e Subtração matemática para crianças da Educação Infantil, com tarefinhas, contas;  uma forma divertida , ajudando as crianças aprenderem rápido e a gosta de matemática desde de pequeninos.', 'https://www.youtube.com/watch?v=NrdOWhxLtxY&ab_channel=ÉDoceAprender-TiaAbelhinha', 3);
insert into video values (7, 'Aula sobre cores - Educação Infantil', 'Nesta aula iremos aprender sobre as cores a partir de uma canção super legal.', 'https://www.youtube.com/watch?v=AuRZ3oQ4rEM&ab_channel=ToobysPortugues',4);
insert into video values (8, 'Aula sobre as misturas das cores - Educaão Infantil', 'Nesta aula iremos aprender sobre as misturas das cores a partir de uma música com um desenho animado.', 'https://www.youtube.com/watch?v=u6CJe58xs8I&ab_channel=Freely-AprenderéMágico', 4);
insert into video values (9, 'Aula sobre o mapa do mundo - Educação Infantil', 'Nesta aula iremos conhecer o mapa do Brasil, nacionalidades, diferenças e características das crianças', 'https://www.youtube.com/watch?v=Wsz2Dxadilk&ab_channel=APRENDICOMAMAMÃE', 5);
insert into video values (10, 'Aula sobre os continentes do mundo - Educação Infantil', 'Nesta aula vamos conhecer todos os continentes do mundo.', 'https://www.youtube.com/watch?v=SK0tYJRhSqs&ab_channel=MundodeKaboo', 5);
insert into video values (11, 'Aula sobre música infantil lancinho - Educação Infantil', 'Neste vídeo vamos ouvir uma música sobre lancinho', 'https://www.youtube.com/watch?v=znd9XVX1SOc&ab_channel=MundoDasCriancasTV', 6);
insert into video values (12, 'Aula sobre música infantil jacaré - Educação Infantil', 'Neste vídeo vamos ouvir uma música muito legal sobre o jacaré.', 'https://www.youtube.com/watch?v=KG-2TzrCOqw&ab_channel=Mundodecreche', 6);
insert into video values (13, 'Aula sobre as partes do corpo humano - Educação Infantil', 'Neste vídeo educativo, as crianças podem aprender mais sobre as partes do corpo, como conhecer o próprio corpo e o nome de cada uma de suas partes como, por exemplo, a cabeça, o tronco e as extremidades.', 'https://www.youtube.com/watch?v=qelEiERtEUY&ab_channel=SmileandLearn-Português', 7);
insert into video values (14, 'Aula sobre higiene corporal - Educação Infantil', 'Neste vídeos iremos aprender como higienar de maneira correta todas as partes de nosso corpo durante o banho. Além de lavar as mãos, alguns hábitos de higiene corporal são fundamentais para cuidar do nosso corpo.', 'https://www.youtube.com/watch?v=GFCDo9QtQ8E&ab_channel=SmileandLearn-Português', 7);
insert into video values (15, 'Aula sobre os nomes de frutas - Educação Infantil', 'Neste vídeo as crianças poderão aprender os nomes das frutas, de uma forma simples e através de exemplos muito claros. Eles aprenderão este vocabulário identificando cada palavra com a fruta correspondente.', 'https://www.youtube.com/watch?v=u3NwcdAMMBI&ab_channel=SmileandLearn-Português', 8);
insert into video values (16, 'Aula sobre alimentação saudável para crianças - Educação Infantil', 'Neste vídeo educativo para crianças com o qual vão aprender o que significa ter uma alimentação saudável.  A alimentação é o processo que os seres humanos realizam para poder ter suficiente energia ao longo do dia.', 'https://www.youtube.com/watch?v=90zaBTVd7_c&ab_channel=SmileandLearn-Português', 8);
insert into video values (17, 'Aula sobre as formas geométricas - Educação Infantil', 'Nesta vídeo aula iremos aprender sobre todas as formas geométricas com um desenho animado e didá	tico', 'https://www.youtube.com/watch?v=KlVflfqgy6c&ab_channel=POCOYOemPORTUGUÊSBRASIL-CanalOficial', 9);
insert into video values (18, 'Aula sobre as formas geométricas com cores - Educação Infantil', 'Nesta vídeo aula iremos aprender sobre as formas geométricas e cores', 'https://www.youtube.com/watch?v=1JoBjaLewf0&ab_channel=SmileandLearn-Português', 9);
insert into video values (19, 'Aula sobre comunicações e relacionamentos - Educação Infantil', 'Nesta aula iremos aprender sobre a comunicações entre pessoas e também as formas que se relacionam, expressando ideais e sentimentos.', 'https://www.youtube.com/watch?v=9_CQ-nrwqyU&ab_channel=Aula365-Brasil', 10);
insert into video values (20, 'Aula sobre meios de comunicações', 'Nesta vídeo aula iremos aprender sobre os meios de comunicações.', 'https://www.youtube.com/watch?v=lXeMp6wgVcg&ab_channel=ALFABRINCA%7CVÍDEOSEDUCATIVOS', 10);

/* MASSA DE TESTE TIPO_ATIVIDADE */

insert into tipo_atividade values (1, 'Quiz', 0, 'Quiz é o nome de um jogo de questionários que tem como objetivo fazer uma avaliação dos conhecimentos sobre determinado assunto.');	
insert into tipo_atividade values (2, 'Labirinto', 0, 'Labirinto tem o objetivo muito simples: chegar na saída no menor tempo possível para escapar do labirinto.');
insert into tipo_atividade values (3, 'Raciocínio lógico', 0, 'Os Jogos de Raciocínio configuram e organizam espaços em que os jogadores atuam colocando em prática (e portanto, desenvolvendo) uma série de habilidades tanto cognitivas como socioemocionais.');
insert into tipo_atividade values (4, 'Caça-Palavras', 0, 'O jogo de caça-palavras, ou sopa de letras, é um passatempo que consiste de letras arranjadas aparentemente aleatórias em uma grade quadrada ou retangular.');
insert into tipo_atividade values (5, 'Charada', 0, 'Enigma em que se deve adivinhar uma palavra');
insert into tipo_atividade values (6, 'Jogo da memória', 0, 'O jogo da memória é um clássico jogo formado por peças que apresentam uma figura em um dos lados. ... Caso as figuras sejam iguais, o participante deve recolher consigo esse par e jogar novamente. Se forem peças diferentes, estas devem ser viradas novamente, e sendo passada a vez ao participante seguinte.');

/* MASSA DE TESTE TIPO_USUARIO */

insert into tipo_usuario values (1, 'Responsável');
insert into tipo_usuario values (2, 'Administrador');

/* MASSA DE TESTE USUARIO */

/* Responsável */
insert into usuario values ('pedro@gmail.com', '(13) 99689-1542', md5('123'), 'Pedro Henrique', 'Olá, eu sou pedro sou formado em pedagogia especializado em estratégias pedagógicas para alunos com TDAH', 1);
insert into usuario values ('julio@hotmail.com', '(13) 99155-5052', md5('123'),  'Julio Cesar', 'Sou o Julio Cesar formado na área pedagógica e adoro trabalhar com crianças', 1);
/* ADM */
insert into usuario values ('luciano@gmail.com', '(11) 99815-4740', md5('123'),  'Luciano Machado', null, 2);
insert into usuario values ('maria@outlook.com', '(13) 99797-7433', md5('123'),  'Maria Helena', null, 2);

/* MASSA DE TESTE PACIENTE */

insert into paciente values ('brunooliveira11@gmail.com', md5('123'), 'pedro@gmail.com', 'Enzo Oliveira');
insert into paciente values ('thelmareis@hotmail.com', md5('123'), 'pedro@gmail.com', 'Rayssa Leal');
insert into paciente values ('henriquefreittas@outlook.com', md5('123'), 'julio@hotmail.com', 'Carlos Eduardo');
insert into paciente values ('reginasilva@gmail.com', md5('123'), 'julio@hotmail.com', 'Mellysa Reis');

/* MASSA DE TESTE ATIVIDADE */

insert into atividade values (1, 'Que animal é esse?', 'Tente descobrir, nas imagens abaixo que animal é este!', 1, 1);
insert into atividade values (2, 'Que animal eu sou?', 'Caminho devagar, mas muito segura, Com a casa nas costas sou a…', 5, 1);
insert into atividade values (3, 'Qual é a letra inicial?', 'Qual dessas figuras começam com a letra A?', 1, 2);
insert into atividade values (4, 'Quais são as vogais?', 'Tente acertar as vogais de nosso alfabeto!', 1, 2);
insert into atividade values (5, 'Qual a ordem correta?', 'Tente acertar a ordem correta dos números de 1 até 10!', 3, 3);
insert into atividade values (6, 'Hora de calcular!', 'Quanto é 2 + 2?', 3, 3);
insert into atividade values (7, 'Cores!', 'Tente acertar as duas cores iguais!', 6, 4);
insert into atividade values (8, 'Qual cor é essa?', 'Tente descobrir, nas figuras abaixo que cor é esta!', 1, 4);
insert into atividade values (9, 'Que país é esse?', 'Tente descobrir na imagem dessa bandeira, que país é esse!', 1 ,5);
insert into atividade values (10, 'Que continente é esse?', 'Tente descobrir na imagem que continente é esse!', 1 ,5);

/* MASSA DE TESTE PACIENTE_ATIVIDADE */

insert into paciente_atividade values ('brunooliveira11@gmail.com', 1, 1, '2021/09/07', '14:00:00', '2021/09/07', '14:20:00');
insert into paciente_atividade values ('brunooliveira11@gmail.com', 2, 1, '2021/09/07', '15:00:00', '2021/09/07', '15:20:00');

/* MASSA DE TESTE VIDEO_PACIENTE */

insert into video_paciente values (1, 'brunooliveira11@gmail.com', 1, 1);
insert into video_paciente values (2, 'brunooliveira11@gmail.com', 2, 1);
insert into video_paciente values (3, 'thelmareis@hotmail.com', 1, 1);
insert into video_paciente values (4, 'thelmareis@hotmail.com', null, 0);
insert into video_paciente values (1, 'henriquefreittas@outlook.com', null, 0);
insert into video_paciente values (2, 'henriquefreittas@outlook.com', null, 0);
insert into video_paciente values (4, 'reginasilva@gmail.com', null, 0);
insert into video_paciente values (5, 'reginasilva@gmail.com', null, 0);

select * from paciente_atividade;